<?xml version="1.0" encoding="UTF-8" standalone="yes"?>
    <addon id="repository.Apoch" name="Apoch Sports Repo" version="1.0.1" provider-name="Adam Rollinson">
        <extension point="xbmc.addon.repository" name="Apoch Sports Repo">
            <info compressed="false">https://raw.githubusercontent.com/ApochPlays/Repo/master/addons.xml</info>
            <datadir zip="true">https://github.com/ApochPlays/Repo/raw/master</datadir>
        </extension>
        <extension point="xbmc.addon.metadata">
            <summary>Apoch Sport Repo</summary>
            <description>Apoch Sport Repo</description>
            <platform>all</platform>
    </extension>
</addon>

