<?xml version="1.0" encoding="UTF-8" standalone="yes"?>
    <addon id="repository.Apoch" name="Apoch Sports Repo" version="1.1.0" provider-name="Adam Rollinson">
        <extension point="xbmc.addon.repository" name="Apoch Sports Repo">
            <info compressed="false">http://git.xzvf.net/adam/ApochSports/raw/master/addons.xml</info>
            <datadir zip="true">http://git.xzvf.net/adam/ApochSports/raw/master</datadir>
        </extension>
        <extension point="xbmc.addon.metadata">
            <summary>Apoch Sport Repo</summary>
            <description>Apoch Sport Repo</description>
            <platform>all</platform>
    </extension>
</addon>

