<?xml version="1.0" encoding="UTF-8" standalone="yes"?>
    <addon id="repository.Apoch" name="Apoch Sports Repo" version="1.0.0" provider-name="Adam Rollinson">       
        <extension point="xbmc.addon.repository" name="Apoch Sports Repo">
            <info compressed="false">http://xzvf.net/repo/addons.xml</info>
            <checksum>http://xzvf.net/repo/addons.xml.md5</checksum>
            <datadir zip="true">http://xzvf.net/repo/</datadir>
            <hashes>false</hashes>
        </extension>
        <extension point="xbmc.addon.metadata">
            <summary>Apoch Sport Repo</summary>
            <description>Apoch Sport Repo</description>
            <platform>all</platform>
    </extension>
</addon>

